{
  "file-explorer": true,
  "global-search": true,
  "switcher": true,
  "graph": true,
  "backlink": true,
  "outgoing-link": false,
  "tag-pane": false,
  "page-preview": true,
  "daily-notes": false,
  "templates": false,
  "note-composer": true,
  "command-palette": true,
  "slash-command": false,
  "editor-status": false,
  "starred": false,
  "markdown-importer": true,
  "zk-prefixer": false,
  "random-note": false,
  "outline": true,
  "word-count": false,
  "slides": false,
  "audio-recorder": false,
  "workspaces": false,
  "file-recovery": true,
  "publish": false,
  "sync": false,
  "canvas": true
}