{
  "app:toggle-left-sidebar": [
    {
      "modifiers": [
        "Mod",
        "Shift"
      ],
      "key": "B"
    }
  ],
  "workspace:move-to-new-window": [
    {
      "modifiers": [
        "Mod",
        "Shift"
      ],
      "key": "W"
    }
  ],
  "obsidian-outliner:move-list-item-up": [
    {
      "modifiers": [
        "Alt"
      ],
      "key": "ArrowUp"
    }
  ],
  "obsidian-outliner:move-list-item-down": [
    {
      "modifiers": [
        "Alt"
      ],
      "key": "ArrowDown"
    }
  ],
  "hotkeysplus-obsidian:toggle-block-quote": [],
  "hotkeysplus-obsidian:toggle-embed": [],
  "editor:swap-line-down": [
    {
      "modifiers": [
        "Alt"
      ],
      "key": "ArrowDown"
    }
  ],
  "editor:swap-line-up": [
    {
      "modifiers": [
        "Alt"
      ],
      "key": "ArrowUp"
    }
  ],
  "editor:focus-left": [
    {
      "modifiers": [
        "Alt"
      ],
      "key": "ArrowLeft"
    }
  ],
  "editor:focus-right": [
    {
      "modifiers": [
        "Alt"
      ],
      "key": "ArrowRight"
    }
  ],
  "workspace:split-horizontal": [
    {
      "modifiers": [
        "Alt",
        "Shift"
      ],
      "key": "-"
    }
  ],
  "obsidian-kanban-date-time-sort:sort-alphabetically": [
    {
      "modifiers": [
        "Alt",
        "Mod",
        "Shift"
      ],
      "key": "S"
    }
  ],
  "app:toggle-right-sidebar": [
    {
      "modifiers": [
        "Mod",
        "Shift"
      ],
      "key": "O"
    }
  ],
  "workspace:split-vertical": [
    {
      "modifiers": [
        "Alt",
        "Shift"
      ],
      "key": "="
    }
  ],
  "omnisearch:show-modal": [
    {
      "modifiers": [
        "Alt",
        "Shift"
      ],
      "key": "F"
    }
  ],
  "omnisearch:show-modal-infile": [
    {
      "modifiers": [
        "Alt"
      ],
      "key": "F"
    }
  ],
  "workspace:close-window": [],
  "open-with-default-app:show": [
    {
      "modifiers": [
        "Alt",
        "Shift"
      ],
      "key": "R"
    }
  ],
  "open-with-default-app:open": [
    {
      "modifiers": [
        "Alt",
        "Mod"
      ],
      "key": "R"
    }
  ]
}