{
  "main": {
    "id": "dd97ff8ca1907928",
    "type": "split",
    "children": [
      {
        "id": "a17e6955a339c59a",
        "type": "tabs",
        "children": [
          {
            "id": "c53aee95e6ce7078",
            "type": "leaf",
            "state": {
              "type": "markdown",
              "state": {
                "file": "Tasking/AACO/Resolute-sentry/Documentation.md",
                "mode": "source",
                "source": false
              }
            }
          },
          {
            "id": "73b2449e768bd014",
            "type": "leaf",
            "state": {
              "type": "markdown",
              "state": {
                "file": "Developer_Syntax_and_Commands/Neovim.md",
                "mode": "source",
                "source": false
              }
            }
          },
          {
            "id": "0a7f1e57f0432cd3",
            "type": "leaf",
            "state": {
              "type": "markdown",
              "state": {
                "file": "Tasking/AACO/Resolute-sentry/Meetings.md",
                "mode": "source",
                "source": false
              }
            }
          }
        ],
        "currentTab": 1
      }
    ],
    "direction": "vertical"
  },
  "left": {
    "id": "b33e370b65e27752",
    "type": "split",
    "children": [
      {
        "id": "76bbffe10ab5b07b",
        "type": "tabs",
        "children": [
          {
            "id": "55f9d87a5eaa5482",
            "type": "leaf",
            "state": {
              "type": "file-explorer",
              "state": {
                "sortOrder": "alphabetical"
              }
            }
          },
          {
            "id": "0b0c332436337afa",
            "type": "leaf",
            "state": {
              "type": "search",
              "state": {
                "query": "trouble",
                "matchingCase": false,
                "explainSearch": false,
                "collapseAll": false,
                "extraContext": false,
                "sortOrder": "alphabetical"
              }
            }
          }
        ]
      }
    ],
    "direction": "horizontal",
    "width": 625
  },
  "right": {
    "id": "0f1830daae2af18d",
    "type": "split",
    "children": [
      {
        "id": "631967b592645aa0",
        "type": "tabs",
        "children": [
          {
            "id": "25e61239bedd2a4c",
            "type": "leaf",
            "state": {
              "type": "backlink",
              "state": {
                "file": "Developer_Syntax_and_Commands/Neovim.md",
                "collapseAll": false,
                "extraContext": false,
                "sortOrder": "alphabetical",
                "showSearch": false,
                "searchQuery": "",
                "backlinkCollapsed": false,
                "unlinkedCollapsed": true
              }
            }
          },
          {
            "id": "a49deb6b1d2a2c83",
            "type": "leaf",
            "state": {
              "type": "outline",
              "state": {
                "file": "Developer_Syntax_and_Commands/Neovim.md"
              }
            }
          },
          {
            "id": "4188baea4e32e5fe",
            "type": "leaf",
            "state": {
              "type": "mermaid-toolbar-view",
              "state": {}
            }
          }
        ],
        "currentTab": 2
      }
    ],
    "direction": "horizontal",
    "width": 300
  },
  "left-ribbon": {
    "hiddenItems": {
      "omnisearch:Omnisearch": false,
      "janitor:Janitor: scan vault": false,
      "homepage:Open homepage": false,
      "switcher:Open quick switcher": false,
      "graph:Open graph view": false,
      "canvas:Create new canvas": false,
      "command-palette:Open command palette": false,
      "markdown-importer:Open format converter": false,
      "mermaid-tools:Open Mermaid Toolbar": false
    }
  },
  "active": "73b2449e768bd014",
  "lastOpenFiles": [
    "Tasking/AACO/Resolute-sentry/RS System Diagram.md",
    "Tasking/AACO/Resolute-sentry/RS-Canvas.canvas",
    "Tasking/AACO/Resolute-sentry/Documentation.md",
    "Tasking/AACO/Resolute-sentry/Resolute-Sentry Action Items.md",
    "Untitled.md",
    "Tasking/AACO/Resolute-sentry/Meetings.md",
    "Tasking/AACO/Navigating Github.md",
    "Tasking/AACO/CUI Designators.md",
    "Tasking/AACO/AACO Systems.md",
    "Tasking/AACO/Resolute-sentry/Untitled Kanban 1.md"
  ]
}